{
  "venues": [
    {
      "geometry":[
        40.4049821, -3.7464155
      ]
    },
    {
      "geometry":[
        40.441756, -3.6786038
      ]
    },
    {
      "geometry":[
        40.4771671, -3.669590099999999
      ]
    },
    {
      "geometry":[
        40.457090404775805, -3.6907010864849323
      ]
    }
  ]
}